nombre,email,fecha_creacion
Ann-marie,acandey0@desdev.cn,2024-10-28
Jeannie,jpfeiffer1@nature.com,2025-02-23
Coral,cfargher2@shop-pro.jp,2024-05-30
Ardenia,askeen3@nasa.gov,2024-12-03
Bartram,bpurdy4@elpais.com,2024-06-04
Aubree,agascoyen5@xing.com,2024-07-09
Noelyn,nmcguinness6@bbb.org,2025-01-27
Mattias,msilbert7@cmu.edu,2024-07-21
Kaine,kbruhn8@hostgator.com,2025-04-04
Zebulon,zjeaves9@umich.edu,2024-06-04
Karlik,kslatena@kickstarter.com,2025-03-26
Ruthann,rclaceb@vk.com,2024-10-09
Kamilah,kkorneichikc@rakuten.co.jp,2024-09-14
Graham,gfairburned@booking.com,2024-09-26
Brodie,bskeletone@deviantart.com,2024-09-01
Cammy,cphilipsonf@weather.com,2024-05-21
Florella,fbeaglesg@google.co.jp,2025-04-21
Helyn,hlithcowh@nydailynews.com,2024-07-04
Sherline,syurevichi@sphinn.com,2025-01-23
Marti,mkeddyj@t.co,2025-02-27
Delaney,ddeeprosek@mapy.cz,2024-10-12
Doralynne,dbrownliel@flavors.me,2024-05-28
Larine,llongshawm@mysql.com,2024-05-18
Jordain,jroderickn@blogs.com,2024-08-20
Hill,hchamano@lycos.com,2024-11-22
Allie,acaurahp@yelp.com,2024-12-14
Patti,proizinq@livejournal.com,2024-08-21
Tyrone,tdrewryr@godaddy.com,2024-07-14
Luciano,lbrafields@amazonaws.com,2024-06-03
Morrie,mmannst@ow.ly,2024-06-27
Haskel,hfantonu@squarespace.com,2024-11-06
Tully,tmccarverv@oaic.gov.au,2024-05-22
Had,haudissw@hhs.gov,2024-10-09
Eleni,ehellierx@theglobeandmail.com,2025-02-12
Isiahi,idelacostey@mac.com,2024-05-17
Pascal,ppailz@themeforest.net,2024-12-03
Murial,mlemarquis10@cornell.edu,2025-01-14
Taffy,thindmoor11@paypal.com,2024-11-22
Colin,cmcallan12@mit.edu,2025-05-05
Kimberli,kproffer13@usgs.gov,2025-04-07
Colene,ckahen14@dmoz.org,2024-11-14
Florian,fjoe15@typepad.com,2025-05-10
Felipa,fdeedes16@usnews.com,2025-01-18
Quintus,qtellesson17@thetimes.co.uk,2024-11-17
Melisent,mward18@hud.gov,2024-10-27
Jefferson,jfernie19@icio.us,2025-03-30
Fionna,flebatteur1a@wunderground.com,2024-10-07
Jyoti,jtuckwood1b@home.pl,2024-08-11
Andi,achilton1c@123-reg.co.uk,2024-06-25
Josefina,jthaim1d@vistaprint.com,2024-09-19
Bartholomew,bdurtnel1e@google.es,2024-07-13
Ripley,rkalvin1f@ca.gov,2025-05-01
Gar,gingles1g@is.gd,2025-05-13
Olivia,oberecloth1h@yale.edu,2024-07-05
Kingsley,ktoner1i@dyndns.org,2025-04-08
Laurent,lcorran1j@delicious.com,2024-08-19
Maressa,mcalkin1k@aboutads.info,2025-04-29
Dud,dgoodwin1l@mapquest.com,2024-07-04
Monroe,mpenhall1m@techcrunch.com,2024-06-27
Jamaal,jformoy1n@state.gov,2025-01-21
Felipe,fbennough1o@smh.com.au,2024-07-31
Duncan,dlonghurst1p@mysql.com,2024-10-13
Lissa,lkubasiewicz1q@harvard.edu,2024-09-10
Demetra,dpibsworth1r@blog.com,2024-05-23
Leona,ldalling1s@jalbum.net,2024-12-27
Moll,mbrownfield1t@cbslocal.com,2025-01-04
Pamelina,pverdie1u@earthlink.net,2024-07-02
Marthena,mjebb1v@sun.com,2024-09-08
Roselin,rwillmont1w@bravesites.com,2024-07-03
Huey,hhakes1x@mit.edu,2025-04-13
Herta,hleemans1y@stanford.edu,2025-02-14
Leshia,lhallowell1z@51.la,2025-04-28
Gerladina,gstiger20@geocities.com,2025-01-17
Pete,psenten21@vkontakte.ru,2025-03-01
Rolf,rfaires22@cbslocal.com,2024-09-28
Raimondo,rbothram23@moonfruit.com,2024-05-24
Stace,sguisler24@state.tx.us,2025-02-01
Birch,bpaulack25@seesaa.net,2025-05-06
Noelyn,nkubacek26@sciencedaily.com,2024-09-21
Man,medmenson27@xrea.com,2025-01-22
Stanfield,sahrens28@google.it,2025-02-25
Cate,cpiatti29@oakley.com,2025-05-03
Carmita,cbrooke2a@cisco.com,2025-01-28
Worthy,wprandin2b@engadget.com,2024-11-03
Kimmie,kmarshallsay2c@angelfire.com,2025-03-12
Keslie,kauger2d@eventbrite.com,2024-12-15
Tarrah,tmcerlaine2e@google.com.br,2025-01-15
Sloan,sbonnavant2f@diigo.com,2025-02-11
Wyatt,wbacchus2g@pagesperso-orange.fr,2024-06-29
Davidson,djee2h@oaic.gov.au,2025-03-27
Lev,lcoggles2i@ameblo.jp,2025-04-29
Benn,bivanchov2j@plala.or.jp,2025-01-11
Kermie,kpardue2k@odnoklassniki.ru,2024-06-12
Earlie,eforan2l@ed.gov,2024-09-17
Alanah,aplows2m@hugedomains.com,2024-11-12
Rebeka,rgolden2n@noaa.gov,2024-10-15
Kimmi,krames2o@reverbnation.com,2024-11-17
Roxanne,rpack2p@altervista.org,2025-01-08
Stephana,sadolfson2q@independent.co.uk,2024-08-01
Sharline,sroper2r@shutterfly.com,2024-12-25
Doris,diban2s@quantcast.com,2025-02-24
Sawyere,skillelea2t@jalbum.net,2025-01-18
Martica,mlynskey2u@go.com,2025-01-20
Rosmunda,rbarehead2v@themeforest.net,2024-07-30
Shadow,skelleher2w@fc2.com,2024-05-22
Gwynne,gnesbitt2x@ft.com,2025-04-10
Dorolice,dupwood2y@amazon.de,2024-11-01
Skye,stamburo2z@hc360.com,2024-06-16
Kendall,keilhertsen30@uol.com.br,2024-05-17
Kile,kchilders31@cyberchimps.com,2025-05-10
Marlo,mrolin32@webs.com,2024-08-13
Augusta,avanarsdalen33@npr.org,2024-12-24
Geralda,gmichelin34@dropbox.com,2024-12-04
Danell,dzimmermanns35@bravesites.com,2024-12-26
Jolie,jgardner36@dropbox.com,2025-01-01
Annabell,acripwell37@forbes.com,2025-01-16
Dalt,dizakovitz38@comcast.net,2025-02-01
Bertine,breedick39@delicious.com,2024-08-21
Kent,klippingwell3a@virginia.edu,2025-01-16
Roxane,rbenneton3b@arstechnica.com,2024-11-18
Davida,dalty3c@netscape.com,2024-08-28
Philippe,plamplugh3d@pen.io,2025-02-06
Ethelin,escini3e@epa.gov,2025-01-24
Aimil,awellbelove3f@elegantthemes.com,2024-11-24
Ninette,nsturgess3g@fc2.com,2025-03-01
Rollins,rcasini3h@ed.gov,2025-05-04
Raff,rklessmann3i@hostgator.com,2024-08-20
Finlay,fdun3j@engadget.com,2024-06-03
Gaultiero,gtibb3k@theglobeandmail.com,2025-01-05
Idell,idrysdell3l@clickbank.net,2024-10-08
Sergent,sacheson3m@blogtalkradio.com,2025-01-15
Lona,lkoppen3n@usa.gov,2024-12-08
Dorella,dlaffling3o@princeton.edu,2024-09-26
Evered,eeddolls3p@umn.edu,2025-02-15
Thatch,tnise3q@simplemachines.org,2024-11-20
Sherie,spattisson3r@baidu.com,2024-11-03
Brenden,bstitle3s@jigsy.com,2024-10-30
Stanislaw,sschrinel3t@geocities.jp,2024-05-17
Roxine,rlickorish3u@theglobeandmail.com,2025-05-05
Linnie,lrichardsson3v@unblog.fr,2024-10-13
Hiram,hkerfut3w@chronoengine.com,2024-06-13
Matthew,mredler3x@alibaba.com,2025-04-15
Henry,hdrinkhall3y@drupal.org,2024-07-14
Kary,kskiggs3z@sun.com,2024-06-24
Remy,rchilcotte40@usgs.gov,2025-04-17
Cyndie,crookwell41@army.mil,2025-01-07
Cyrill,ckibbee42@scribd.com,2024-09-19
Moise,mjudd43@google.pl,2024-08-16
Herminia,horrocks44@mozilla.org,2024-06-08
Tadeo,tkinglesyd45@walmart.com,2024-12-25
Berenice,bgilding46@mysql.com,2025-04-11
Carmel,cpantin47@google.co.uk,2024-06-06
Frederique,fpakeman48@cnet.com,2025-04-03
Agnola,atemporal49@opera.com,2024-07-15
Eleanore,emathwin4a@networkadvertising.org,2024-09-02
Stepha,swalklott4b@ning.com,2025-04-19
Viviana,vrender4c@simplemachines.org,2024-07-20
Violetta,vmannagh4d@fc2.com,2025-02-09
Tobi,tpercival4e@squarespace.com,2025-04-05
Andie,amatyasik4f@huffingtonpost.com,2025-01-02
Glenn,gsharpless4g@blinklist.com,2024-05-21
Grissel,gmcalinion4h@live.com,2024-11-22
Matilda,macum4i@constantcontact.com,2024-08-22
Neysa,nsarney4j@mit.edu,2024-06-11
Pate,pgiurio4k@sciencedaily.com,2024-12-02
Joya,jdreigher4l@umn.edu,2025-01-08
Marieann,mwoolham4m@newyorker.com,2024-06-23
Marlow,mmahy4n@ucoz.ru,2025-03-24
Gerda,gpinyon4o@netvibes.com,2025-04-18
Kesley,klowle4p@jiathis.com,2025-05-11
Florenza,fgreest4q@google.pl,2025-03-29
Carin,csextone4r@webs.com,2024-07-29
Shepperd,slethley4s@aol.com,2024-11-16
Minny,mmarkwelley4t@google.cn,2024-07-18
Reinhold,rwitchell4u@biblegateway.com,2024-08-16
Shurlocke,stustin4v@amazon.co.uk,2024-08-17
Amalita,aecles4w@amazonaws.com,2025-04-19
Skelly,sgrayshon4x@privacy.gov.au,2024-05-31
Mona,mtivers4y@twitpic.com,2025-04-29
Casandra,clambie4z@acquirethisname.com,2024-08-08
Erroll,emcconaghy50@bloomberg.com,2024-07-30
Isabeau,iwright51@bloglovin.com,2025-01-12
Nikos,nlambden52@scribd.com,2024-07-03
Laureen,lferrolli53@sciencedaily.com,2025-03-05
Aidan,acrocket54@gizmodo.com,2024-12-28
Venita,vlundbeck55@histats.com,2024-06-14
Lambert,lschooling56@imageshack.us,2024-08-20
Stormy,slobb57@creativecommons.org,2025-03-18
Dan,dcaldicott58@wp.com,2025-05-12
Florance,fpalfree59@scientificamerican.com,2025-01-25
Gillie,glangthorne5a@mtv.com,2024-12-05
Vanny,vklewi5b@npr.org,2024-12-11
Kalli,kmarieton5c@geocities.com,2024-07-19
Chloette,cmaw5d@google.fr,2025-02-04
Daron,dgoodge5e@ask.com,2025-02-17
Minne,mcorthes5f@issuu.com,2024-09-19
Hans,htofanini5g@hugedomains.com,2024-05-26
Ysabel,yapdell5h@xing.com,2024-08-03
Rozanna,raleksankov5i@icio.us,2024-10-25
Delilah,ddobrowolny5j@loc.gov,2024-12-28
Brenna,bfortune5k@sogou.com,2024-12-04
Lorianne,ltreadaway5l@webnode.com,2025-02-18
Richy,rbultitude5m@e-recht24.de,2024-08-05
Kipp,kbruntje5n@time.com,2024-05-30
Terry,tlindstedt5o@latimes.com,2024-07-06
Ashbey,asmallthwaite5p@blogs.com,2024-07-27
Bevin,bbeldan5q@hud.gov,2025-01-26
Broderic,boronan5r@bravesites.com,2024-11-19
Claretta,ciacovacci5s@comcast.net,2025-03-09
Temp,tsemor5t@newyorker.com,2024-07-06
Meara,madamovitz5u@goodreads.com,2024-07-03
Dix,drubenczyk5v@java.com,2024-07-23
Hedwig,hgieves5w@ucoz.ru,2024-07-23
Courtenay,cwoolvin5x@uiuc.edu,2024-09-28
Emanuele,ewitten5y@state.tx.us,2024-05-19
Sheila,sscard5z@mozilla.com,2024-07-15
Ricca,relsom60@newsvine.com,2024-08-08
Kesley,kapplegarth61@exblog.jp,2024-12-30
Massimiliano,mclurow62@oakley.com,2024-07-23
Eulalie,ebarneveld63@hibu.com,2024-11-20
Brandise,bbernetti64@stanford.edu,2024-06-22
Honoria,havramchik65@hao123.com,2025-02-25
Robbin,rharrinson66@delicious.com,2024-08-17
Tara,troles67@fema.gov,2024-06-02
Amby,abarrass68@symantec.com,2025-05-15
Laurel,lchimienti69@umn.edu,2024-09-30
Jemmy,jmcpeck6a@networksolutions.com,2025-03-17
Callean,chaulkham6b@oakley.com,2025-01-07
Ely,edudny6c@flickr.com,2024-11-06
Stanton,sgiberd6d@hibu.com,2025-04-25
Gaultiero,gmasson6e@blogs.com,2025-02-17
Lanae,lhamson6f@mail.ru,2025-04-27
Eirena,esmitham6g@tamu.edu,2024-11-21
Grantley,gpicken6h@ifeng.com,2024-06-01
Omero,ogonzalvo6i@ftc.gov,2024-06-17
Conn,cjannaway6j@wikimedia.org,2024-06-28
Gayler,gcassin6k@ifeng.com,2024-08-09
Val,vscholard6l@independent.co.uk,2024-08-21
Dario,dslessar6m@newsvine.com,2024-08-14
Allyn,amillgate6n@smh.com.au,2024-11-25
Nalani,nralph6o@wufoo.com,2024-08-28
Leland,lalvarado6p@ameblo.jp,2025-02-20
Devondra,dcapnor6q@accuweather.com,2024-11-22
Georgena,gferenc6r@bandcamp.com,2024-06-09
Terra,tboreland6s@dagondesign.com,2024-06-06
Sumner,sopy6t@cisco.com,2024-07-18
Frederigo,fpottie6u@bbb.org,2024-11-17
Maddalena,mdoutch6v@naver.com,2024-09-16
Rickard,rkrochmann6w@people.com.cn,2024-09-30
Carey,cblissett6x@eepurl.com,2024-08-02
Ware,wguerrier6y@pbs.org,2025-03-28
Leonidas,ltesmond6z@go.com,2025-03-02
Nickie,nlongman70@usatoday.com,2025-02-28
Katrina,kmackenney71@businessweek.com,2024-05-25
Ernest,ewickens72@hp.com,2025-03-28
Cindie,cgorch73@sfgate.com,2025-01-07
Sarene,sschnieder74@time.com,2025-03-12
Jacob,jslessor75@gizmodo.com,2024-08-05
Saunderson,slidierth76@last.fm,2024-09-18
Ingar,ishort77@istockphoto.com,2024-09-20
Burton,bgarfield78@harvard.edu,2024-08-16
Lorette,lhapke79@cdbaby.com,2025-02-06
Kearney,kmiddleweek7a@fema.gov,2024-09-20
Rorie,rhounihan7b@weibo.com,2025-05-15
Nanny,nenterle7c@earthlink.net,2025-02-17
Brynn,bgounod7d@technorati.com,2024-10-29
Pepe,pkirtley7e@rakuten.co.jp,2025-01-22
Kinna,kjoberne7f@state.gov,2024-12-16
Leigh,lwort7g@mediafire.com,2025-01-19
Haleigh,hmackeogh7h@cargocollective.com,2025-03-01
Blake,btweedle7i@dyndns.org,2025-02-02
Ramon,rsheivels7j@sciencedirect.com,2024-12-29
Iain,irotherham7k@slate.com,2024-12-29
Connie,csteaning7l@yahoo.com,2024-12-01
Del,dpolkinhorn7m@pen.io,2025-04-03
Larina,ltice7n@hugedomains.com,2024-06-08
Ariella,aescolme7o@icio.us,2024-10-01
Clayborne,cblenkinsopp7p@artisteer.com,2024-08-29
Ingrim,ibuey7q@odnoklassniki.ru,2024-08-06
Anastasie,abirchwood7r@icq.com,2024-12-13
Juliana,jpeace7s@techcrunch.com,2024-09-23
Giff,gheaysman7t@google.co.jp,2024-10-21
Georgia,gdrewett7u@youtube.com,2025-01-30
Sandor,svalasek7v@wordpress.org,2025-02-01
Emelia,eshafe7w@alibaba.com,2024-11-27
Vinny,vfielden7x@ow.ly,2025-02-28
Cecilius,choofe7y@youtube.com,2024-07-02
Lorilyn,lknapper7z@omniture.com,2025-05-02
Tonye,ttowse80@vk.com,2024-07-07
Mirelle,mripper81@spiegel.de,2025-02-10
Jen,jhadye82@usa.gov,2025-03-02
Tabatha,tbattye83@ycombinator.com,2024-05-24
Stinky,slamb84@chron.com,2025-03-30
Roxine,rweare85@theguardian.com,2025-05-07
Brand,bwyness86@booking.com,2024-12-28
Dorris,delement87@infoseek.co.jp,2024-07-15
Erinn,ethunder88@google.fr,2025-05-05
Desirae,dweins89@hp.com,2024-05-21
Mort,mevery8a@shutterfly.com,2024-06-05
Beret,ballot8b@dyndns.org,2025-04-01
Carlos,cshay8c@typepad.com,2025-04-18
Albert,aschapero8d@yahoo.com,2025-01-07
Myrlene,mdinwoodie8e@github.com,2024-07-05
Glad,ghornbuckle8f@cbc.ca,2024-09-05
Bibbye,bcorneck8g@examiner.com,2024-08-13
Chryste,cbullers8h@illinois.edu,2025-02-27
Johanna,jdanilovitch8i@imageshack.us,2025-03-24
Kalvin,kmartinat8j@wikia.com,2025-02-16
Melloney,modda8k@furl.net,2025-02-11
Noland,nbeevors8l@gnu.org,2024-06-05
Griz,gmableson8m@ed.gov,2025-01-04
Carlynne,cidney8n@newsvine.com,2024-10-04
Clareta,cklesel8o@wp.com,2025-02-23
Somerset,ssorsby8p@dedecms.com,2024-08-31
Conroy,cconachie8q@cam.ac.uk,2024-06-16
Alanna,acleverley8r@pen.io,2024-05-21
Fina,fgorch8s@elpais.com,2025-01-29
Clem,csoule8t@posterous.com,2025-04-14
Hayes,hisbell8u@diigo.com,2024-06-15
Alisha,amaine8v@shareasale.com,2025-03-06
Krysta,ksiverns8w@mit.edu,2025-04-26
Zoe,zvasyunichev8x@newyorker.com,2024-11-05
Luciana,lkerridge8y@nytimes.com,2025-03-21
Korella,kfarrow8z@google.com.br,2024-11-29
Cornell,covise90@tmall.com,2024-12-29
Edee,escutter91@telegraph.co.uk,2024-10-23
Vale,vdows92@quantcast.com,2025-02-16
Adelaide,amccrorie93@newyorker.com,2024-07-23
Kassia,krichel94@goodreads.com,2024-11-26
Manny,mlafflina95@infoseek.co.jp,2024-06-23
Cristy,cstacey96@engadget.com,2025-03-02
Lori,lepperson97@cocolog-nifty.com,2024-12-14
Ewan,emcronald98@hatena.ne.jp,2025-04-12
Alikee,agrzegorzewicz99@amazonaws.com,2024-09-21
Louisette,lburleton9a@omniture.com,2024-09-10
Aeriell,aeliyahu9b@cpanel.net,2024-07-10
Lilli,lbruneau9c@disqus.com,2024-08-26
Danni,dlautie9d@vimeo.com,2024-07-10
Jessi,jsnowdon9e@si.edu,2024-10-30
Sheilakathryn,shindmoor9f@unesco.org,2025-01-05
Bree,bolyff9g@abc.net.au,2025-02-16
Brett,bgohn9h@independent.co.uk,2024-10-19
Hiram,hleithgoe9i@rambler.ru,2025-02-01
Kass,kduplan9j@vk.com,2025-04-19
Dickie,dhauxwell9k@techcrunch.com,2025-05-16
Tammie,trudgard9l@ibm.com,2025-05-10
Derrik,dstreater9m@weibo.com,2024-11-29
Weider,wkemsley9n@marriott.com,2024-08-04
Win,wgabbitus9o@slideshare.net,2024-12-30
Rene,rpoge9p@mtv.com,2024-12-01
Deanna,dgainforth9q@fastcompany.com,2025-03-01
Roderic,rbarthel9r@google.nl,2024-12-27
Rafa,raugustine9s@upenn.edu,2024-06-16
Roseann,rkornes9t@usatoday.com,2025-05-10
Annabel,amebs9u@bloomberg.com,2024-12-17
Inger,imcauslene9v@deliciousdays.com,2024-06-03
Fee,fgrouse9w@skyrock.com,2024-09-29
Lynelle,lmilbank9x@msu.edu,2024-06-03
Betsey,beyes9y@mail.ru,2024-09-25
Leanna,lroseborough9z@technorati.com,2024-07-26
Ashby,agasnella0@springer.com,2024-12-20
Jaymee,jmotha1@mtv.com,2025-02-13
Tabby,tmenichellia2@i2i.jp,2025-04-07
Diarmid,darstingalla3@exblog.jp,2025-04-11
Yancey,ylovela4@techcrunch.com,2024-07-30
Zelda,zstrasea5@stanford.edu,2024-08-02
Myrtice,mvelaa6@smugmug.com,2024-11-22
Mattheus,mcantuaa7@ocn.ne.jp,2025-02-23
Jeannette,jwhaleya8@nationalgeographic.com,2025-02-12
Beverley,bmarchbanka9@qq.com,2024-06-25
Teodorico,tbrandinaa@army.mil,2024-11-16
Fifi,fleucharsab@noaa.gov,2024-10-05
Oswell,ofranzonettiac@phoca.cz,2025-03-15
Natassia,npeacockad@virginia.edu,2024-07-22
Lisa,lkollatschae@npr.org,2025-03-28
Cristina,ccovendonaf@dagondesign.com,2024-11-05
Cleveland,cmuskerag@un.org,2024-11-26
Francois,flanderah@nbcnews.com,2024-08-29
Flynn,fchaldecottai@dyndns.org,2024-05-18
Margo,mdemanueleaj@youku.com,2024-12-14
Brewster,bsalmanak@google.pl,2025-03-10
Kara,kmaseyal@devhub.com,2025-01-17
Noam,nquilkinam@instagram.com,2024-08-15
Donetta,dwhistonan@aol.com,2024-12-02
Eddy,edehavenao@yellowbook.com,2024-06-30
Lida,lglasserap@bloglines.com,2024-12-10
Roma,rhannenaq@instagram.com,2024-06-09
Alf,apenburtonar@e-recht24.de,2025-01-20
Garnette,gathertonas@dedecms.com,2025-03-04
Eran,ehamlinat@nhs.uk,2024-07-10
Calley,cstookeau@godaddy.com,2024-10-28
Hertha,htoppav@technorati.com,2024-12-14
Stirling,sscroxtonaw@pagesperso-orange.fr,2024-06-20
Brew,brabbageax@google.es,2025-01-16
Rhodia,rgillingwateray@hatena.ne.jp,2024-08-29
Winonah,wdavidiaz@cyberchimps.com,2025-01-20
Rodrique,rmoffatb0@usa.gov,2025-03-12
Emylee,eknoxb1@gravatar.com,2025-03-10
Renell,riddyb2@ustream.tv,2024-12-24
Karyn,kjadob3@naver.com,2024-09-19
Karlan,kbridieb4@cam.ac.uk,2024-12-01
Toni,tbleasdaleb5@tripod.com,2024-11-19
Homere,hbatisseb6@studiopress.com,2024-07-16
Haley,hfranceb7@usda.gov,2024-08-30
Ab,amckinnonb8@usatoday.com,2025-02-01
Jorie,jdegoeyb9@wordpress.com,2025-05-09
Elbert,etroddba@e-recht24.de,2025-03-03
Rickie,rladebb@about.com,2025-01-23
Moses,msebringbc@google.nl,2025-02-12
Erek,eprinnettbd@themeforest.net,2024-07-23
Cheri,cpenningtonbe@infoseek.co.jp,2024-07-11
Kinna,kspoorbf@soundcloud.com,2025-04-25
Olivier,okohrdingbg@walmart.com,2025-01-07
Rollie,rbelhambh@baidu.com,2025-03-21
Imelda,iloodybi@ca.gov,2024-12-27
Cristiano,csondlandbj@wordpress.org,2024-06-27
Morton,mjaunceybk@imageshack.us,2024-05-17
Maurice,mbeattiebl@sciencedaily.com,2025-01-01
Tedie,tselmanbm@tmall.com,2024-12-26
Dorothea,dtooherbn@cocolog-nifty.com,2025-04-06
Issy,iclemanceaubo@economist.com,2024-07-30
Cory,cstilwellbp@fastcompany.com,2024-10-19
Fanya,fclethrobq@prlog.org,2025-01-20
Janean,jmacrannellbr@symantec.com,2025-01-08
Rozele,rseymerbs@seesaa.net,2025-04-30
Vic,vharoldbt@nyu.edu,2025-02-07
Sashenka,ssimmellbu@4shared.com,2024-11-09
Chaddie,cjohanningbv@salon.com,2024-10-29
Xena,xhexumbw@ycombinator.com,2025-04-10
Zitella,zsaltwellbx@xinhuanet.com,2024-10-09
Clarita,crozierby@foxnews.com,2025-01-07
Chelsae,cscimonebz@wiley.com,2024-09-03
Stepha,sgibbensc0@hibu.com,2024-10-30
Webster,wmilierc1@nasa.gov,2024-10-25
Janis,jarndtc2@51.la,2024-08-15
Joaquin,jgladdishc3@nasa.gov,2024-07-04
Myra,mwestmanc4@friendfeed.com,2025-03-26
Harriot,hoverpoolc5@biblegateway.com,2024-06-15
Fredra,flygoc6@ucla.edu,2025-01-28
Quinton,qdamarellc7@tumblr.com,2025-02-05
Jojo,josmonc8@google.com.au,2025-05-03
Boigie,bolfordc9@hp.com,2024-08-08
Cornall,clyallca@webmd.com,2024-06-12
Hedwig,helwelcb@jigsy.com,2025-03-04
Travus,tgoodbarrcc@auda.org.au,2025-04-27
Durand,dexoncd@nba.com,2024-11-21
Lindi,lflorisce@umich.edu,2025-04-14
Glenna,gstothertcf@pinterest.com,2025-01-01
Ronald,rpiddickcg@canalblog.com,2024-06-08
Omar,ovasquezch@is.gd,2024-10-03
Jeanna,jwestmerlandci@ovh.net,2024-07-07
Dorie,ddurandcj@instagram.com,2025-01-24
Alis,ascanesck@fda.gov,2024-07-21
Clemente,ctomensoncl@weibo.com,2025-01-11
Sher,skrollcm@pcworld.com,2024-12-29
Jermaine,jwatfordcn@nsw.gov.au,2025-02-28
Thedric,tsiggeeco@sciencedaily.com,2025-01-29
Eugene,ewalewskicp@sina.com.cn,2024-06-09
Tiebout,tbenoistcq@cdc.gov,2024-12-07
Marissa,mcranglecr@hostgator.com,2025-05-04
Ive,isolomonidescs@naver.com,2024-12-13
Chariot,cgilvearct@archive.org,2024-06-02
Saul,sgowardcu@fema.gov,2024-12-18
Ody,owilgarcv@github.com,2024-11-12
Thatcher,ttofpikcw@wired.com,2024-08-28
Sheeree,sciobotarucx@w3.org,2024-07-28
Rosaleen,rwillanscy@time.com,2024-10-10
Earl,epickhavercz@alibaba.com,2024-10-23
Carleen,ckinsetd0@webmd.com,2024-10-18
Maynord,mgiddonsd1@yahoo.com,2024-10-11
Delmor,djollimand2@yandex.ru,2024-09-20
Tommi,tfairhalld3@google.cn,2024-09-27
Lea,lweightmand4@miitbeian.gov.cn,2024-07-18
Berenice,bbycraftd5@forbes.com,2024-10-06
Benyamin,bdonnelland6@wiley.com,2024-10-15
Alfy,ablatchfordd7@unc.edu,2025-01-14
Meridel,mmixerd8@hao123.com,2024-09-23
Rosalinde,rkeedwelld9@java.com,2024-09-28
Carola,cbirckmannda@google.ca,2024-12-21
Beltran,bwilshawdb@spiegel.de,2024-06-28
Patience,plobbedc@stanford.edu,2025-04-07
Kassey,kbaldrickdd@ow.ly,2024-06-09
Buck,bdonde@rediff.com,2024-09-15
Aldrich,adobbinsdf@ihg.com,2024-05-18
Hermine,hcolliarddg@abc.net.au,2024-09-23
Blinni,bpiensdh@seesaa.net,2024-07-01
Leonanie,ldhennindi@washingtonpost.com,2025-02-03
Katrine,kcolleymoredj@printfriendly.com,2025-04-14
Kittie,kvyvyandk@thetimes.co.uk,2025-03-01
Arluene,asonscheindl@chronoengine.com,2025-05-06
Germana,galeevydm@washington.edu,2025-01-31
Chlo,ccorlettdn@studiopress.com,2024-06-04
Gregoire,gchampionnetdo@cnet.com,2024-06-21
Yoko,ycarodp@storify.com,2024-10-06
Any,aspaltondq@cornell.edu,2025-04-20
Broddy,begglesondr@instagram.com,2024-10-24
Berry,bodochertyds@chicagotribune.com,2024-11-20
Nadia,nambrogionidt@squarespace.com,2025-02-22
Beryl,breschkedu@meetup.com,2024-06-15
Victoir,vhindsbergdv@booking.com,2025-01-24
Julee,jhavenhanddw@jimdo.com,2024-12-04
Lurleen,lastridgedx@vimeo.com,2024-10-14
Tandy,twaldingdy@about.com,2024-07-16
Shandie,smacnucatordz@apple.com,2024-12-29
Vergil,vdunstonee0@blogger.com,2025-01-15
Jaime,jsinnate1@linkedin.com,2024-10-24
Cordie,cdawidsohne2@accuweather.com,2025-03-10
Keenan,kheadleye3@flavors.me,2024-09-15
Dalis,dbrixeye4@blogtalkradio.com,2024-08-19
Mill,mhavercrofte5@plala.or.jp,2024-06-11
Ariana,atarplye6@sciencedaily.com,2025-02-03
Chase,choltawaye7@istockphoto.com,2024-06-18
Albertina,ajagoee8@hexun.com,2024-09-20
Vanna,vsolee9@upenn.edu,2024-06-21
Brinna,billsleyea@ow.ly,2024-07-13
Paddy,pkrolleb@freewebs.com,2025-01-09
Lenore,lmacgeffenec@chronoengine.com,2024-09-25
Robinett,rcafferyed@reddit.com,2024-09-12
Spence,sfransemaiee@wp.com,2024-05-23
Bax,brelfef@xrea.com,2025-05-09
Barbara-anne,bvowleseg@tmall.com,2025-04-18
Nelle,nspurgineh@cargocollective.com,2024-09-23
Reggis,rbouzanei@sun.com,2025-02-05
Odille,ogruszeckiej@ted.com,2024-08-30
Ado,aditchburnek@bbb.org,2024-08-09
Gisele,gmclorinanel@woothemes.com,2024-10-14
Mareah,mmarqyesem@plala.or.jp,2024-11-03
Lenard,lfitcheten@google.co.uk,2024-09-18
Barnett,bedmedeo@goo.gl,2025-03-17
Melicent,mcazereauep@weibo.com,2025-03-25
Trixy,talmaneq@ebay.com,2025-04-12
Betteann,bboxhiller@ifeng.com,2025-03-11
Alyss,askegges@usa.gov,2024-09-04
Theo,twinfindaleet@prweb.com,2024-08-09
Sheena,shedoneu@huffingtonpost.com,2024-09-02
Mildred,mgadesbyev@spiegel.de,2025-01-08
Donaugh,drassmannew@meetup.com,2024-11-25
Hirsch,hlightwingex@google.it,2024-06-05
Vinita,vsylettey@domainmarket.com,2025-01-23
Rodolph,rdefilippisez@spotify.com,2024-06-22
Celina,csalvagef0@google.com.au,2025-04-28
Olivero,oclissf1@sphinn.com,2024-07-26
Anallese,ajorryf2@msn.com,2025-02-18
Bernadene,bgehrtsf3@woothemes.com,2024-06-26
Norbie,nhaighf4@answers.com,2024-12-13
Retha,rreichhardtf5@hp.com,2024-08-26
Whitman,wlunaf6@mashable.com,2025-02-11
Benedicto,bhaswallf7@craigslist.org,2025-01-22
Franciska,fodcroftf8@ask.com,2024-12-25
Devan,dpagelsenf9@nature.com,2024-11-14
Wood,wpinchbackfa@usgs.gov,2025-03-26
Tirrell,tbraggintonfb@redcross.org,2024-09-08
Cinnamon,cdysterfc@rambler.ru,2025-01-01
Quill,qburnhamsfd@economist.com,2024-09-23
Sauncho,sexallfe@altervista.org,2024-09-30
Sonny,sroddersff@nytimes.com,2025-04-10
Gaultiero,gcoynefg@surveymonkey.com,2025-03-05
Nadia,nclaasenfh@cbc.ca,2024-06-10
Loraine,lashbrookfi@goodreads.com,2025-01-11
Trudie,tsinnottfj@mapquest.com,2024-07-02
Audie,askakunasfk@comcast.net,2025-03-25
Sonnie,sletcherfl@yandex.ru,2025-05-08
Wake,wrainardfm@hao123.com,2025-01-26
Mattie,mspinigefn@fotki.com,2024-11-04
Obie,oboggisfo@cbc.ca,2024-11-24
Starlene,snutkinsfp@purevolume.com,2024-06-26
Felicle,fekkelfq@accuweather.com,2025-03-08
Michaela,mmarhamfr@bluehost.com,2024-10-06
Leroi,lgreathamfs@unblog.fr,2025-02-18
Pepe,patmoreft@kickstarter.com,2024-06-01
Giselbert,gwissonfu@wired.com,2025-04-26
Agna,aanglishfv@foxnews.com,2025-02-13
Yvette,yjeppsfw@gov.uk,2024-06-23
Danita,dbroggettifx@squarespace.com,2025-01-06
Reinhard,rparmbyfy@dagondesign.com,2025-01-22
Leland,ljancfz@livejournal.com,2024-09-30
Pauly,pstickellsg0@seesaa.net,2024-07-17
Randee,rbrownseyg1@ucoz.ru,2024-10-25
Emmey,eelbourneg2@smugmug.com,2025-01-17
Charyl,cviggersg3@jimdo.com,2025-04-12
Emilio,elambswoodg4@ameblo.jp,2025-02-24
Bekki,bfowldsg5@blogspot.com,2024-10-08
Selinda,sdeekg6@reuters.com,2024-10-13
Elisabetta,ebrittiang7@about.com,2025-04-03
Ekaterina,eleatg8@census.gov,2024-09-22
Everett,eeberzg9@ca.gov,2024-12-03
Emelina,emowdayga@cnet.com,2024-11-20
Wright,wvonasekgb@icq.com,2025-03-07
Ada,adogertygc@youku.com,2024-06-03
Cobbie,cmetrickgd@sbwire.com,2024-06-04
Dennie,dgreenlyge@hhs.gov,2024-12-05
Oberon,omckeveneygf@freewebs.com,2024-11-28
Horace,hcharrettegg@comsenz.com,2024-11-20
Susanetta,smacfiegh@artisteer.com,2024-12-25
Hermione,hmacilurickgi@smugmug.com,2024-10-11
Fawne,fhaugehgj@dyndns.org,2024-10-23
Shannan,saplingk@answers.com,2025-03-31
Kendricks,kromaogl@desdev.cn,2024-08-09
Latrina,ldefrainegm@icio.us,2024-05-27
Stephana,sbolesmagn@comcast.net,2024-07-22
Beryle,bbatsongo@discuz.net,2024-12-07
Arther,aasmusgp@mac.com,2025-02-15
Camellia,cpietzkergq@soundcloud.com,2025-03-02
Shurlock,sakittgr@telegraph.co.uk,2024-11-09
Bancroft,bporchgs@rakuten.co.jp,2024-07-11
Elianora,eeslingergt@twitpic.com,2024-05-29
Erna,edraggegu@studiopress.com,2025-03-28
Gradeigh,gfischergv@google.it,2025-01-20
Annadiana,abeevergw@hatena.ne.jp,2024-10-06
Templeton,tburgegx@github.io,2024-08-16
Rudiger,rspiregy@lycos.com,2024-12-16
Willabella,wcastagnarogz@unc.edu,2025-01-29
Sarge,sworlingh0@hostgator.com,2025-03-31
Bucky,balbrookeh1@wired.com,2024-08-21
Alwyn,amechanh2@furl.net,2024-11-29
Ephrem,eblackstonh3@reuters.com,2024-10-22
Adelina,amarchellih4@google.ca,2024-09-11
Rozalin,rboonh5@yahoo.co.jp,2025-03-04
Byran,bwyburnh6@google.de,2024-12-05
Fernando,freglerh7@house.gov,2024-09-17
Martino,mmadgeh8@google.com.au,2024-06-12
Gustav,ghatchh9@umich.edu,2024-08-08
Barby,birdaleha@cnet.com,2024-12-25
Elva,eharrhyhb@mashable.com,2024-09-17
Cosmo,cabyshc@xinhuanet.com,2024-11-02
Field,flyleshd@odnoklassniki.ru,2025-03-24
Casper,cvearncombhe@plala.or.jp,2025-04-21
Kirsten,kfrunkshf@earthlink.net,2024-10-06
Suzanna,sharburtsonhg@netlog.com,2025-04-17
Nev,njosselsonhh@google.com.au,2024-06-04
Eberhard,edavidzonhi@istockphoto.com,2024-12-10
Laughton,ldowyerhj@liveinternet.ru,2025-04-08
Gaston,gwhittleseehk@cloudflare.com,2024-07-17
Augusto,alarrosahl@dion.ne.jp,2024-09-17
Chev,ctulleyhm@oracle.com,2024-11-19
Ruby,rcrannagehn@apache.org,2024-10-28
Lucky,lfleischmannho@networksolutions.com,2025-02-21
Rabi,rwinleyhp@issuu.com,2025-05-10
Christa,calbanhq@flavors.me,2025-03-31
Pamelina,phammorhr@cornell.edu,2024-07-03
Godiva,gbeckensallhs@delicious.com,2025-03-22
Lawry,lpettefordht@pagesperso-orange.fr,2025-01-17
Dorthy,dfliegerhu@google.de,2024-12-09
Bevvy,bsmowtonhv@skype.com,2024-07-26
Noami,nputmanhw@youtu.be,2025-02-18
Shantee,slaydelhx@archive.org,2024-09-02
Julie,jrubinivitzhy@eepurl.com,2024-12-22
Tallia,tsherrellhz@naver.com,2024-06-17
Mickey,mfairbardi0@wufoo.com,2024-06-29
Vanya,vsharpei1@cbslocal.com,2024-12-26
Marissa,mscarsbricki2@thetimes.co.uk,2025-05-10
Chryste,cdewitti3@usatoday.com,2025-04-28
Raleigh,rslemmingi4@state.gov,2025-02-05
Lesya,leyeingtoni5@xinhuanet.com,2025-02-16
Gena,gjakemani6@artisteer.com,2024-10-10
Arie,ableackleyi7@cnet.com,2024-10-01
Kat,kmeekingsi8@marketwatch.com,2025-02-19
Odella,ocawoodi9@nifty.com,2024-09-01
Sim,sdwellingia@salon.com,2024-09-03
Lexis,ldahlmanib@topsy.com,2024-11-19
Reeva,rculrossic@patch.com,2025-04-27
Lani,lfrancesconeid@unesco.org,2024-07-02
Jessi,jgogieie@statcounter.com,2024-08-09
Corry,cdoniseif@ca.gov,2025-01-31
Lacie,lcoweyig@51.la,2025-02-14
Kailey,klamburneih@nydailynews.com,2025-02-26
Linnie,ljellemanii@google.com.br,2024-10-09
Keslie,kebdonij@tmall.com,2024-07-07
Abramo,acarrelik@facebook.com,2024-08-02
Earlie,ekensittil@dagondesign.com,2024-05-26
Esteban,ebalbeckim@squarespace.com,2024-12-12
Brig,bmckiddinin@cnn.com,2025-01-06
Blithe,bgobeauio@phpbb.com,2024-12-29
Belia,bclemenconip@wordpress.com,2024-09-06
Walther,wberkiq@dagondesign.com,2024-07-26
Falito,fwoofir@pcworld.com,2024-08-27
Dall,dquilliganis@purevolume.com,2025-04-20
Penn,pshapterit@cmu.edu,2024-09-25
Mozelle,mreneiu@parallels.com,2025-02-21
Sigfried,sbosmaniv@liveinternet.ru,2024-05-24
Ave,agrealeyiw@alexa.com,2024-11-10
Emogene,etomczakix@squarespace.com,2024-09-08
Robenia,rmacpadeneiy@meetup.com,2024-09-07
Melli,mlauridseniz@google.es,2024-08-26
Kipp,kgerardotj0@ftc.gov,2025-01-18
Zach,zpapaccioj1@marketwatch.com,2024-11-18
Andria,abaskeyfiedj2@addthis.com,2024-08-15
Tabb,tsaladinej3@nymag.com,2025-01-21
Milt,mdeverallj4@livejournal.com,2024-06-12
Kirby,kossipenkoj5@geocities.jp,2024-11-20
Lavinie,lfreanj6@netscape.com,2024-10-25
Brooks,bsegotj7@bravesites.com,2024-10-16
Phebe,priddingtonj8@sbwire.com,2024-11-16
Bert,bbremmellj9@accuweather.com,2025-03-25
Jdavie,jgreenhalfja@seattletimes.com,2025-01-16
Rosella,rbardilljb@alexa.com,2025-03-28
Shelley,smcasgilljc@msn.com,2024-10-13
Bradan,bspedronijd@paypal.com,2024-06-15
Kalil,ketheridgeje@ucoz.com,2024-10-12
Benedicta,bdixsonjf@shutterfly.com,2024-07-16
Gualterio,gexonjg@illinois.edu,2025-02-10
Marrissa,msellarsjh@cnbc.com,2025-03-07
Marlane,mjillsji@reference.com,2024-09-28
Hashim,hmcterlaghjj@reddit.com,2024-12-27
Dulciana,dshadrachjk@deviantart.com,2024-09-09
Melony,mtempertonjl@printfriendly.com,2025-03-03
Frederica,feltonjm@google.com.hk,2024-09-26
Kissie,klydfordjn@businessinsider.com,2024-07-29
Bibbye,bpatkinjo@barnesandnoble.com,2025-03-12
Gram,govizejp@list-manage.com,2024-08-20
Pauli,pfarrerjq@soup.io,2024-06-24
Filia,fkirkbrightjr@samsung.com,2024-05-20
Wenonah,wlubbockjs@tumblr.com,2024-07-02
Sal,sbracknelljt@biblegateway.com,2024-08-14
Sergei,slakendenju@jalbum.net,2024-08-28
Hubey,hbradiejv@homestead.com,2024-09-05
Lynette,lmanuelejw@cdbaby.com,2025-03-23
Erminie,erosjx@springer.com,2025-05-06
Barclay,blemeryjy@irs.gov,2024-09-25
Friederike,fwetherburnjz@blogs.com,2024-07-18
Tadd,tharrowellk0@ed.gov,2024-08-25
Lianna,lferronik1@senate.gov,2024-08-24
Grannie,gbridgemank2@upenn.edu,2025-04-10
Katya,kfendlowk3@intel.com,2024-06-28
Adelind,agartink4@zdnet.com,2025-01-03
Aarika,aroullierk5@newsvine.com,2025-01-20
Melisande,mcarcask6@google.cn,2024-08-16
Lind,lcrowdyk7@hostgator.com,2024-12-26
Cinderella,csainsburybrownk8@homestead.com,2024-12-25
Dene,dcreamenk9@walmart.com,2024-07-07
Larissa,lbartholomewka@go.com,2024-08-30
Cristionna,ccotesfordkb@pcworld.com,2024-07-11
Mordy,melsmorekc@bizjournals.com,2024-09-22
Denni,dknillkd@alexa.com,2024-10-18
Elisha,esantike@buzzfeed.com,2024-09-13
Camel,cprincekf@webmd.com,2024-07-25
Matti,mlightningkg@redcross.org,2024-12-01
Dexter,dhebbronkh@pagesperso-orange.fr,2024-07-10
Dorothee,ddunsireki@goodreads.com,2025-05-16
Lou,lmaliakj@whitehouse.gov,2024-12-07
Mathilde,mgamonkk@hugedomains.com,2024-09-23
Fairfax,fdulanykl@squarespace.com,2024-09-12
Lonnie,lwardhaughkm@yandex.ru,2024-06-28
La verne,lmitrikhinkn@google.co.uk,2024-11-13
Knox,krudolferko@eepurl.com,2025-04-09
Erhart,eloughlinkp@mediafire.com,2025-01-31
Auria,amullearykq@de.vu,2025-03-27
Noland,nsterrekr@un.org,2024-07-06
Asa,akildahlks@sphinn.com,2024-07-12
Erda,epattenkt@oaic.gov.au,2024-06-24
Laurene,ldikeku@businesswire.com,2025-05-10
Dion,delvinkv@sina.com.cn,2025-02-27
Doti,dfiorentinokw@stumbleupon.com,2024-11-03
Page,pclampkx@smugmug.com,2024-10-24
Lambert,lkearnky@simplemachines.org,2024-07-31
Craggie,ccomettikz@eepurl.com,2024-11-16
Karilynn,kgatmanl0@vimeo.com,2024-11-24
Boyce,bmcnirlanl1@bizjournals.com,2025-04-25
Cahra,chansel2@over-blog.com,2024-06-22
Ginny,gcomerl3@chron.com,2024-12-01
Giacobo,gscorerl4@google.ru,2025-02-08
Antin,aedgerl5@google.ca,2025-02-24
Wolfy,wstangrooml6@baidu.com,2024-11-15
Pryce,pkonzell7@nature.com,2024-10-01
Gillian,gicoml8@google.nl,2025-01-31
Shauna,sdegoyl9@slate.com,2025-04-21
Yuri,ystanbrookela@ox.ac.uk,2025-01-28
Jarrett,jchevinlb@twitter.com,2025-03-07
Dawn,dinglibylc@mac.com,2024-06-11
Gasparo,gmccaughranld@shareasale.com,2024-10-09
Ester,echateaule@accuweather.com,2024-11-22
Murdoch,mharraginlf@fastcompany.com,2024-07-16
Olwen,ocollinwoodlg@independent.co.uk,2025-04-05
Cody,ccromblehomelh@deviantart.com,2024-10-15
Julietta,jkevernli@feedburner.com,2024-06-25
Ondrea,ogearelj@technorati.com,2025-04-23
Berri,bmeakeslk@symantec.com,2024-10-04
Elbertina,efouracresll@timesonline.co.uk,2025-03-20
Grange,gluxmoorelm@ifeng.com,2024-11-16
Skye,spellittln@accuweather.com,2025-03-03
Teddi,tedesslo@infoseek.co.jp,2024-08-26
Fina,fjenklp@economist.com,2024-05-29
Oona,ocunnahlq@jiathis.com,2024-06-05
Paul,pheughlr@trellian.com,2024-05-20
Rorke,ryeals@1688.com,2025-04-28
Karlik,kcuberleylt@barnesandnoble.com,2024-10-08
Adrianne,ahucquartlu@dmoz.org,2024-08-25
Arne,arickslv@typepad.com,2024-11-02
Sib,sweddeburnlw@java.com,2025-04-11
Wittie,wbaldenlx@wikimedia.org,2025-03-27
Edgardo,ebreslauerly@scientificamerican.com,2025-02-12
Lalo,lgarmonslz@bigcartel.com,2024-07-15
Miquela,mkerm0@weibo.com,2024-06-08
Hillel,hnadinm1@nymag.com,2025-02-27
Flori,flambm2@booking.com,2024-09-08
Vittorio,vorganerm3@mit.edu,2024-12-08
Mignonne,mferniem4@webmd.com,2024-08-24
Richmond,rdilrewm5@ox.ac.uk,2025-02-27
Maximo,mcanhamm6@reverbnation.com,2025-03-22
Idalia,ijordonm7@ustream.tv,2024-05-21
Adelle,ajuggingsm8@adobe.com,2025-02-07
Herb,hstratfordm9@vistaprint.com,2024-06-22
Rube,rrichiema@creativecommons.org,2024-09-22
Dionisio,dturpeymb@symantec.com,2024-09-13
Ignacius,imcgilvraymc@naver.com,2025-04-07
Nanete,nferiemd@nifty.com,2025-05-09
Pammi,pbrymhamme@prweb.com,2024-10-30
Dael,dlemanmf@linkedin.com,2025-04-30
Whit,wtricemg@wufoo.com,2024-06-02
Marylynne,mclaptonmh@facebook.com,2024-06-21
Gustavo,galcornmi@google.co.jp,2024-12-31
Darin,dbettymj@berkeley.edu,2024-11-12
Hurlee,hpellewmk@unc.edu,2025-02-28
Franny,ffrostml@blogspot.com,2024-11-25
Mercedes,madolthinemm@chron.com,2024-12-02
Raoul,rkimmittmn@webs.com,2025-01-20
Jared,jcotesmo@sakura.ne.jp,2025-04-24
Wallie,wthomersonmp@ed.gov,2024-05-31
Tirrell,tmuldowniemq@ow.ly,2024-09-24
Dewie,dmcfeatmr@webnode.com,2025-05-12
Mart,mcropperms@plala.or.jp,2025-03-05
Martguerita,mharfootmt@ycombinator.com,2025-03-28
Marleah,mmcnamaramu@delicious.com,2024-09-02
Joell,jhalpeinemv@prnewswire.com,2025-04-27
Tiler,tabelsonmw@mac.com,2025-03-23
Linc,lbursnallmx@gov.uk,2024-08-21
Fernando,fzuanazzimy@cbc.ca,2024-09-24
Elsinore,ebrowermz@rambler.ru,2025-02-22
Sig,skilfeathern0@goo.gl,2024-05-21
Sophronia,smoundn1@chron.com,2024-09-14
Gaye,gmowdayn2@phpbb.com,2025-04-12
Tracey,tdanilovn3@umn.edu,2025-03-13
Byrle,btumbeltyn4@cyberchimps.com,2025-04-16
Zack,zellitn5@reddit.com,2024-12-28
Padraic,pmacgounn6@usatoday.com,2025-05-08
Roosevelt,rdressern7@discovery.com,2025-02-12
Bradan,bgowardn8@freewebs.com,2024-08-28
Reta,rbiddlecomben9@google.com.br,2024-06-22
Nataniel,nbamblettna@ca.gov,2024-09-03
Rolando,rolneynb@go.com,2024-07-01
Fabe,fserjentnc@skype.com,2025-01-19
Margery,mmacgebenaynd@opera.com,2024-07-19
Franni,ffendleyne@pcworld.com,2025-02-24
Irwin,ionionnf@tinyurl.com,2024-07-04
Ingra,itrewhelang@hhs.gov,2024-06-15
Keith,ktungaynh@free.fr,2025-05-09
Tanya,tkerslakeni@nationalgeographic.com,2024-12-25
Rocky,rdevignenj@squarespace.com,2025-02-23
Abagael,aabbattnk@xing.com,2024-08-20
Elladine,edezamudionl@privacy.gov.au,2024-09-12
Onofredo,obanasiaknm@independent.co.uk,2024-11-30
Tilda,tfretternn@miitbeian.gov.cn,2024-08-20
Madel,mdechelleno@blogspot.com,2024-11-25
Karylin,kjoostnp@mtv.com,2024-11-15
Cassandre,czannellinq@vinaora.com,2024-07-29
Lizabeth,lbalbecknr@wufoo.com,2024-11-19
Joline,jsaingns@barnesandnoble.com,2024-10-02
Darda,dgurleynt@fema.gov,2024-07-10
Mame,mmellonnu@elegantthemes.com,2025-01-18
Joell,jgoeringnv@answers.com,2024-06-18
Chane,cgatherellnw@slate.com,2024-10-30
Elisabet,emacilraithnx@msu.edu,2025-04-15
Leora,lpresnallny@themeforest.net,2024-07-13
Benita,bglovesnz@blogtalkradio.com,2024-12-30
Salomone,sraouxo0@indiatimes.com,2024-09-19
Linell,lgriero1@amazon.co.jp,2025-02-18
Conroy,ckendello2@slate.com,2024-12-03
Carrol,ctyhursto3@google.pl,2024-09-04
Abdul,aatlingo4@bizjournals.com,2024-07-18
Rod,rilotto5@hud.gov,2025-02-12
Jayson,jpuddleo6@businessinsider.com,2024-06-25
Abner,adeverilo7@cyberchimps.com,2024-06-18
Carolina,cstanwortho8@hatena.ne.jp,2025-02-12
Gerry,gcossero9@slate.com,2024-10-16
Clim,ctempletonoa@timesonline.co.uk,2024-09-09
Nobie,nshiresob@prlog.org,2024-10-15
Trstram,tfulmenoc@yelp.com,2024-11-23
Gilberta,goxshottod@hubpages.com,2024-11-11
Masha,mhearthfieldoe@multiply.com,2025-05-09
Ottilie,opumphreysof@yelp.com,2024-12-20
Tiffie,tgriseog@php.net,2024-06-26
Theodor,trobardoh@twitpic.com,2024-09-07
Reena,rsallowayeoi@zdnet.com,2024-10-04
Chrystal,carneoj@canalblog.com,2025-01-28
Binnie,bspicerok@t.co,2024-08-02
Rurik,rbibbol@paginegialle.it,2025-04-26
Obadiah,oalvaroom@bloglovin.com,2025-04-04
Ortensia,oboottonon@ucoz.com,2024-05-28
Dasya,dboxhalloo@artisteer.com,2025-03-02
Joye,jjobsonop@e-recht24.de,2024-08-17
Darlleen,dsillimanoq@pagesperso-orange.fr,2025-04-22
Law,lfalconeror@drupal.org,2024-08-22
Keane,kmckueos@soundcloud.com,2024-07-02
Cordi,cbaddoeot@engadget.com,2024-12-27
Jimmie,jburchettou@storify.com,2024-11-02
Marian,mshillitoeov@jiathis.com,2025-02-08
Stormy,shaighow@pcworld.com,2024-07-13
Nannette,nronaldox@webs.com,2025-04-06
Farrah,fselfoy@exblog.jp,2024-07-07
Antoni,aelanoz@fc2.com,2025-02-09
Francoise,fblackiep0@nature.com,2025-05-10
Staci,sraymanp1@oakley.com,2024-11-08
Lissie,lpoytressp2@dion.ne.jp,2025-02-10
Bernadine,bmacwilliamp3@earthlink.net,2024-09-23
Jerrie,jcorriep4@privacy.gov.au,2024-09-01
Jena,jmacfaellp5@is.gd,2024-06-30
Kym,khartlessp6@blogspot.com,2025-05-07
Dinah,dmaronp7@nationalgeographic.com,2025-03-07
Hughie,hwinsonp8@java.com,2025-05-01
Brannon,baitchisonp9@youtu.be,2025-01-04
Kendra,khulsepa@alexa.com,2024-05-29
Alexis,asillitopb@dion.ne.jp,2024-07-24
Jilleen,jfigiovannipc@yahoo.com,2024-07-29
Udell,ullorenspd@fotki.com,2025-04-23
Saleem,sdibenpe@mashable.com,2024-07-19
Renard,rbingepf@pcworld.com,2024-06-21
Vinnie,vricsonpg@cmu.edu,2025-04-20
Hi,hspitaroph@ox.ac.uk,2025-02-20
Ami,abraganzapi@tinypic.com,2024-11-03
Deanne,dponsfordpj@livejournal.com,2024-11-06
Tyson,thannabuspk@senate.gov,2024-10-25
Torrin,tlouedeypl@addthis.com,2024-09-17
Garek,gmatterfacepm@wsj.com,2025-02-11
Irene,ilambdonpn@is.gd,2024-10-05
Sal,stakspo@who.int,2025-01-28
Andromache,arookwellpp@instagram.com,2024-12-01
Bobina,bjindrakpq@google.com.br,2025-04-17
Yul,ykavepr@stanford.edu,2024-09-23
Heather,hslotps@dedecms.com,2024-09-07
Isahella,isergantpt@goo.ne.jp,2024-11-06
Melisa,mrosewarnepu@wikispaces.com,2025-03-07
Enrique,ewilderspoonpv@slideshare.net,2025-04-02
Dulce,dlearmanpw@loc.gov,2024-05-29
Shaylynn,sabramovitzpx@diigo.com,2024-07-26
Tibold,tissacovpy@wp.com,2024-08-15
Orbadiah,ohouldenpz@google.com.au,2025-01-20
Ernie,estockportq0@ucsd.edu,2024-07-11
Deeanne,dwarykq1@fc2.com,2024-11-26
Benedicto,bversonq2@tripod.com,2024-10-03
Leah,lkobaq3@ihg.com,2025-04-12
Etheline,esachnoq4@cloudflare.com,2024-08-15
Duke,dgerrishq5@berkeley.edu,2024-06-13
Tabb,thunnicotq6@ftc.gov,2024-09-19
Idell,igrossq7@intel.com,2024-07-28
Rey,rbenechq8@comcast.net,2025-01-28
Keane,kfenneq9@constantcontact.com,2025-01-18
Benetta,bhogbourneqa@drupal.org,2025-04-13
Beulah,bkellittqb@friendfeed.com,2025-02-20
Pasquale,pgoodnowqc@apple.com,2024-06-08
Gaspard,gmeridaqd@behance.net,2024-12-02
Shannen,sshropshireqe@sbwire.com,2024-09-29
Lammond,ltoghillqf@wikimedia.org,2024-06-10
Silas,sjanusqg@foxnews.com,2024-11-02
Pauli,proysonqh@creativecommons.org,2025-02-08
Lenore,lcurbishleyqi@bing.com,2024-09-08
Cary,ctanswellqj@yandex.ru,2024-11-30
Christa,clevesqueqk@studiopress.com,2024-12-24
Adrien,atrickeyql@illinois.edu,2024-12-04
Dewie,dtaytqm@dion.ne.jp,2024-10-17
Thornton,tarrighiniqn@chronoengine.com,2024-06-30
Cullie,cmackaigqo@abc.net.au,2024-05-18
Donalt,dsomersetqp@dmoz.org,2025-05-16
Fidelity,fgirvanqq@noaa.gov,2024-09-21
Nadya,nblackettqr@barnesandnoble.com,2024-10-18
Joan,jkymeqs@whitehouse.gov,2024-11-21
Britney,bstotherqt@yandex.ru,2025-03-01
Garrott,ggyenesqu@sciencedaily.com,2025-04-01
Rod,rmenureqv@theguardian.com,2024-11-11
Rhetta,rhapsqw@dailymotion.com,2025-03-26
Kaitlynn,kguilaynqx@ezinearticles.com,2024-12-30
Sunny,sfantiqy@qq.com,2025-01-20
Neda,ncolecroughqz@myspace.com,2025-01-11
Tadeo,tsonscheinr0@sfgate.com,2025-03-15
Web,wschraderr1@redcross.org,2025-05-08
Tandy,tdagostinor2@columbia.edu,2025-01-27
Lillian,lpionterr3@smh.com.au,2025-01-07
Cassandra,ctomsr4@t.co,2025-05-10
Stanfield,ssillimanr5@lycos.com,2025-04-09
Gus,gvanellir6@bing.com,2024-12-19
Harald,hdrauder7@bbc.co.uk,2024-09-14
Wakefield,wkinceyr8@nsw.gov.au,2024-11-23
Rubi,rarentsr9@ask.com,2025-04-06
Gabriel,ghowellsra@epa.gov,2024-06-20
Roley,rrosebothamrb@samsung.com,2025-05-09
Arnie,ajiruchrc@census.gov,2024-09-23
Lorettalorna,lmcgibbonrd@paypal.com,2024-11-23
Germayne,glatliffre@cocolog-nifty.com,2024-08-14
Hillier,htooveyrf@cloudflare.com,2024-05-25
Katharine,kkingstonrg@youtube.com,2025-03-13
Colene,cinglishrh@eventbrite.com,2024-07-03
Aloysius,abonaireri@virginia.edu,2025-05-08
Ludwig,lrousbyrj@usatoday.com,2025-02-22
Gerianna,gdrustrk@uiuc.edu,2025-01-10
Krisha,kmarkrl@youtu.be,2024-11-12
Dian,dfassanrm@npr.org,2025-04-20
Trueman,tcrossonrn@zdnet.com,2025-04-27
Evey,evinnickro@newyorker.com,2024-07-10
Marie-jeanne,mpunyerrp@ucla.edu,2025-02-11
Daryl,dfihellyrq@com.com,2025-05-11
Cameron,cizachikrr@tinyurl.com,2025-01-19
